<?xml version='1.0' encoding='UTF-8' ?>
<timeLogEntries>
  <time id="1" path="/Project/TI1 Samuel Hernandez/Planning" start="@1631542879065" delta="25" />
  <time id="2" path="/Project/TI1 Samuel Hernandez/Planning" start="@1631544887249" delta="41" interrupt="5" />
  <time id="3" path="/Project/TI1 Samuel Hernandez/Planning" start="@1631548338022" delta="68" />
  <time id="4" path="/Project/TI1 Samuel Hernandez/Planning" start="@1631560285727" delta="39" />
  <time id="5" path="/Project/TI1 Samuel Hernandez/Design" start="@1631575364056" delta="28" />
  <time id="6" path="/Project/TI1 Samuel Hernandez/Design" start="@1631745381239" delta="113" interrupt="4" />
  <time id="7" path="/Project/TI1 Samuel Hernandez/Design" start="@1631760774496" delta="99" />
  <time id="8" path="/Project/TI1 Samuel Hernandez/Design" start="@1631800815022" delta="4" />
  <time id="9" path="/Project/TI1 Samuel Hernandez/Design" start="@1631801437432" delta="140" interrupt="4" />
  <time id="10" path="/Project/TI1 Samuel Hernandez/Design" start="@1631890563466" delta="36" />
  <time id="11" path="/Project/TI1 Samuel Hernandez/Design" start="@1631895080825" delta="4" />
  <time id="12" path="/Project/TI1 Samuel Hernandez/Code" start="@1631919987128" delta="6" />
  <time id="13" path="/Project/TI1 Samuel Hernandez/Code" start="@1631979136992" delta="75" />
  <time id="14" path="/Project/TI1 Samuel Hernandez/Code" start="@1632179371927" delta="82" />
  <time id="15" path="/Project/TI1 Samuel Hernandez/Code" start="@1632528421638" delta="44" />
  <time id="16" path="/Project/TI1 Samuel Hernandez/Code" start="@1632585987138" delta="180" />
  <time id="17" path="/Project/TI1 Samuel Hernandez/Code" start="@1632607576461" delta="65" />
  <time id="18" path="/Project/TI1 Samuel Hernandez/Code" start="@1632612552894" delta="59" />
  <time id="19" path="/Project/TI1 Samuel Hernandez/Code" start="@1632675753287" delta="68" />
  <time id="20" path="/Project/TI1 Samuel Hernandez/Code" start="@1632717142807" delta="118" />
  <time id="21" path="/Project/TI1 Samuel Hernandez/Code" start="@1632855393033" delta="300" />
  <time id="22" path="/Project/TI1 Samuel Hernandez/Code" start="@1632883811229" delta="129" />
  <time id="23" path="/Project/TI2 Samuel Hernandez/Planning" start="@1632944709402" delta="94" interrupt="20" comment="Started working on the Engineering Method for the problem. Created repository with folder structure of the project." />
  <time id="24" path="/Project/TI2 Samuel Hernandez/Planning" start="@1632956916500" delta="15" comment="Continued doing the previously stated activity for 15 extra minutes." />
  <time id="25" path="/Project/TI2 Samuel Hernandez/Planning" start="@1633012465387" delta="153" comment="Finished setting up the document's structure and almost done with information gathering." />
  <time id="26" path="/Project/TI2 Samuel Hernandez/Planning" start="@1633102299760" delta="63" comment="Finished and polished the information gathering, and proposed a creative solution. After examination of the solution against the requirements, the motives behind the proposal rejection were documented as well." />
  <time id="27" path="/Project/TI2 Samuel Hernandez/Planning" start="@1634242106117" delta="92" comment="Added new creative proposal. This will likely be the creative proposal that is chosen. Also started to add ADT tables to the document" />
  <time id="27" path="/Project/TI2 Samuel Hernandez/Planning" start="@1634242106117" delta="46" comment="Added new creative proposal. This will likely be the creative proposal that is chosen. Also started to add ADT tables to the document" />
  <time id="28" path="/Project/TI2 Samuel Hernandez/Design" start="@1634408402907" delta="62" comment="Started doing the class diagram." />
  <time id="29" path="/Project/TI2 Samuel Hernandez/Design" start="@1634425484233" delta="28" comment="Continued doing the class diagram." />
  <time id="30" path="/Project/TI2 Samuel Hernandez/Code" start="@1634427196622" delta="21" comment="Added attributes and explananitions of them to Player Class (subject to change)." />
  <time id="31" path="/Project/TI2 Samuel Hernandez/Design" start="@1634428493938" delta="30" interrupt="4" />
  <time id="32" path="/Project/TI2 Samuel Hernandez/Code" start="@1634433442431" delta="194" comment="Fixed the preloader so that it can be parametrized. Added constructors of Player and Team." />
  <time id="33" path="/Project/TI2 Samuel Hernandez/Code" start="@1634486037521" delta="13" comment="Created calculation functions for every stat that will be shown." />
  <time id="34" path="/Project/TI2 Samuel Hernandez/Planning" start="@1634792011816" delta="6" />
  <time id="35" path="/Project/TI2 Samuel Hernandez/Planning" start="@1635121024600" delta="51" comment="Finished solution proposal and discarding." />
  <time id="36" path="/Project/TI2 Samuel Hernandez/Planning" start="@1635189125115" delta="81" comment="Continued design of abstract data types." />
  <time id="37" path="/Project/TI2 Samuel Hernandez/Code" start="@1635194051205" delta="42" />
  <time id="38" path="/Project/TI2 Samuel Hernandez/Code" start="@1635197413761" delta="41" />
  <time id="39" path="/Project/TI2 Samuel Hernandez/Code" start="@1635210350592" delta="45" />
  <time id="40" path="/Project/TI2 Samuel Hernandez/Code" start="@1635221713876" delta="25" comment="Binary trees." />
  <time id="41" path="/Project/TI2 Samuel Hernandez/Code" start="@1635377993538" delta="52" />
  <time id="42" path="/Project/TI2 Samuel Hernandez/Code" start="@1635388294884" delta="156" comment="Autobalanced Trees." />
  <time id="43" path="/Project/TI2 Samuel Hernandez/Code" start="@1635479684171" delta="21" comment="Implemented rotations and insertions for AVLs." />
  <time id="44" path="/Project/TI2 Samuel Hernandez/Code" start="@1635529065050" delta="102" />
  <time id="45" path="/Project/TI2 Samuel Hernandez/Code" start="@1635783764798" delta="48" interrupt="3" comment="Finished AVL implementation." />
  <time id="47" path="/Project/TI2 Samuel Hernandez/Planning" start="@1635786905696" delta="34" />
  <time id="48" path="/Project/TI2 Samuel Hernandez/Planning" start="@1635792550640" delta="26" />
</timeLogEntries>
