<?xml version='1.0' encoding='UTF-8' ?>
<timeLogEntries>
  <time id="1" path="/TI1/PSP0/Planning" start="@1631577084809" delta="3" />
  <time id="2" path="/TI1/PSP0/Design" start="@1631577265674" delta="8" comment="Mockup design" />
  <time id="3" path="/TI1/PSP0/Design" start="@1631577761039" delta="50" comment="Mockup design" />
  <time id="4" path="/TI1/PSP0/Design" start="@1631652535587" delta="42" comment="Mockup design" />
  <time id="5" path="/TI1/PSP0/Code" start="@1631826994085" delta="124" comment="Initial objects" />
  <time id="6" path="/TI1/PSP0/Code" start="@1631908267243" delta="191" comment="Plain text file" />
  <time id="7" path="/TI1/PSP0/Code" start="@1632020788111" delta="36" comment="Model development" />
  <time id="8" path="/TI1/PSP0/Code" start="@1632179887784" delta="82" comment="Model development" />
  <time id="9" path="/TI1/PSP0/Code" start="@1632378760274" delta="75" comment="Model development" />
  <time id="10" path="/TI1/PSP0/Code" start="@1632781017727" delta="17" comment="Model development" />
  <time id="11" path="/TI1/PSP0/Code" start="@1632789449870" delta="156" comment="Model development" />
  <time id="12" path="/TI1/PSP0/Code" start="@1632872815540" delta="236" comment="Model development" />
  <time id="13" path="/TI2/PSP0/Code" start="@1634340081495" delta="51" />
  <time id="14" path="/TI2/PSP0/Planning" start="@1634343131125" delta="1407" />
  <time id="15" path="/TI2/PSP0/Code" start="@1634876686301" delta="73" />
  <time id="16" path="/TI2/PSP0/Code" start="@1635450932898" delta="434" />
</timeLogEntries>
